NL:070.21.3,Howard CC- MAC Math Athetic Complex,01, =    ,01,Building A,A5,Level-0,20.110,DW Ceiling/Walls Prime Coat, 1.00 ,,
NL:070.21.3,Howard CC- MAC Math Athetic Complex,01, =    ,01,Building A,A5,Level-0,21.120,DW Walls/Columns 1st. Finish Coat, 1.00 ,,
NL:070.21.3,Howard CC- MAC Math Athetic Complex,01, =    ,01,Building A,A5,Level-0,21.130,DW Walls/Columns 2nd.Finish Coat, 1.00 ,,
NL:070.21.3,Howard CC- MAC Math Athetic Complex,01, =    ,01,Building A,A5,Level-0,22.120,DW Ceilings 1st.and 2nd.Finish Coat, 1.00 ,,
NL:070.21.3,Howard CC- MAC Math Athetic Complex,01, =    ,01,Building A,A5,Level-0,22.125,Exp.Celing 1st. And 2nd. Dryfall coat, 92.48 ,,
NL:070.21.3,Howard CC- MAC Math Athetic Complex,01, =    ,01,Building A,A5,Level-0,22.126,Exp.Ceiling Protection, 41.03 ,,
NL:070.21.3,Howard CC- MAC Math Athetic Complex,01, =    ,01,Building A,A5,Level-0,24.110,Block Fill 1st.Coat CMU Walls, 144.80 ,,
NL:070.21.3,Howard CC- MAC Math Athetic Complex,01, =    ,01,Building A,A5,Level-0,24.120,1st. Finish Coat CMU Walls, 97.09 ,,
NL:070.21.3,Howard CC- MAC Math Athetic Complex,01, =    ,01,Building A,A5,Level-0,24.130,2nd.Finish Coat CMU Walls, 152.40 ,,
NL:070.21.3,Howard CC- MAC Math Athetic Complex,01, =    ,01,Building A,A5,Level-0,28.100,Prep. Trim/D.Frames/Doors, 51.49 ,,
NL:070.21.3,Howard CC- MAC Math Athetic Complex,01, =    ,01,Building A,A5,Level-0,28.110,1st.and 2nd.Finish Coat Trim/Frames/Doors, 51.49 ,,
NL:070.21.3,Howard CC- MAC Math Athetic Complex,01, =    ,01,Building A,A5,Level-0,90.100,Miscellaneous Various not in others, 44.59 ,,
NL:070.21.3,Howard CC- MAC Math Athetic Complex,01, =    ,01,Building A,A6,Level-1,20.110,DW Ceiling/Walls Prime Coat, 28.00 ,,
NL:070.21.3,Howard CC- MAC Math Athetic Complex,01, =    ,01,Building A,A6,Level-1,21.120,DW Walls/Columns 1st. Finish Coat, 35.00 ,,
NL:070.21.3,Howard CC- MAC Math Athetic Complex,01, =    ,01,Building A,A6,Level-1,21.130,DW Walls/Columns 2nd.Finish Coat, 61.53 ,,
NL:070.21.3,Howard CC- MAC Math Athetic Complex,01, =    ,01,Building A,A6,Level-1,22.120,DW Ceilings 1st.and 2nd.Finish Coat, 5.24 ,,
NL:070.21.3,Howard CC- MAC Math Athetic Complex,01, =    ,01,Building A,A6,Level-1,28.100,Prep. Trim/D.Frames/Doors, 36.44 ,,
NL:070.21.3,Howard CC- MAC Math Athetic Complex,01, =    ,01,Building A,A6,Level-1,22.125,Exp.Celing 1st. And 2nd. Dryfall coat, 12.00 ,,
NL:070.21.3,Howard CC- MAC Math Athetic Complex,01, =    ,01,Building A,A6,Level-1,22.126,Exp.Ceiling Protection, 8.00 ,,
NL:070.21.3,Howard CC- MAC Math Athetic Complex,01, =    ,01,Building A,A6,Level-1,28.110,1st.and 2nd.Finish Coat Trim/Frames/Doors, 36.44 ,,
NL:070.21.3,Howard CC- MAC Math Athetic Complex,01, =    ,01,Building A,A6,Level-1,90.100,Miscellaneous Various not in others, 31.55 ,,
NL:070.21.3,Howard CC- MAC Math Athetic Complex,01, =    ,01,Building A,A7,Level-2,20.110,DW Ceiling/Walls Prime Coat, 32.97 ,,
NL:070.21.3,Howard CC- MAC Math Athetic Complex,01, =    ,01,Building A,A7,Level-2,21.120,DW Walls/Columns 1st. Finish Coat, 35.26 ,,
NL:070.21.3,Howard CC- MAC Math Athetic Complex,01, =    ,01,Building A,A7,Level-2,21.130,DW Walls/Columns 2nd.Finish Coat, 50.38 ,,
NL:070.21.3,Howard CC- MAC Math Athetic Complex,01, =    ,01,Building A,A7,Level-2,22.120,DW Ceilings 1st.and 2nd.Finish Coat, 4.30 ,,
NL:070.21.3,Howard CC- MAC Math Athetic Complex,01, =    ,01,Building A,A7,Level-2,28.100,Prep. Trim/D.Frames/Doors, 29.83 ,,
NL:070.21.3,Howard CC- MAC Math Athetic Complex,01, =    ,01,Building A,A7,Level-2,28.110,1st.and 2nd.Finish Coat Trim/Frames/Doors, 29.83 ,,
NL:070.21.3,Howard CC- MAC Math Athetic Complex,01, =    ,01,Building A,A7,Level-2,90.100,Miscellaneous Various not in others, 25.83 ,,
NL:070.21.3,Howard CC- MAC Math Athetic Complex,01, =    ,01,Building A,A10,Main Stair 1,20.110,Ceiling/Walls Prime Coat CMU and DW, 5.90 ,,
NL:070.21.3,Howard CC- MAC Math Athetic Complex,01, =    ,01,Building A,A10,Main Stair 1,21.120,Walls/Columns 1st. Finish Coat CMU and DW, 7.08 ,,
NL:070.21.3,Howard CC- MAC Math Athetic Complex,01, =    ,01,Building A,A10,Main Stair 1,21.130,Walls/Columns 2nd.Finish Coat CMU and DW, 10.11 ,,
NL:070.21.3,Howard CC- MAC Math Athetic Complex,01, =    ,01,Building A,A10,Main Stair 1,50.801,Stair Prep Spot Prime, 8.43 ,,
NL:070.21.3,Howard CC- MAC Math Athetic Complex,01, =    ,01,Building A,A10,Main Stair 1,50.802,Stair 1st.Finish Coat, 8.43 ,,
NL:070.21.3,Howard CC- MAC Math Athetic Complex,01, =    ,01,Building A,A10,Main Stair 1,50.803,Stair 2nd.Finish Coat, 6.32 ,,
NL:070.21.3,Howard CC- MAC Math Athetic Complex,01, =    ,01,Building A,A71,Stairs 2 SFL-1,20.110,Ceiling/Walls Prime Coat CMU and DW, 5.90 ,,
NL:070.21.3,Howard CC- MAC Math Athetic Complex,01, =    ,01,Building A,A71,Stairs 2 SFL-1,21.120,Walls/Columns 1st. Finish Coat CMU and DW, 7.08 ,,
NL:070.21.3,Howard CC- MAC Math Athetic Complex,01, =    ,01,Building A,A71,Stairs 2 SFL-1,21.130,Walls/Columns 2nd.Finish Coat CMU and DW, 10.11 ,,
NL:070.21.3,Howard CC- MAC Math Athetic Complex,01, =    ,01,Building A,A71,Stairs 2 SFL-1,50.801,Stair Prep Spot Prime, 8.43 ,,
NL:070.21.3,Howard CC- MAC Math Athetic Complex,01, =    ,01,Building A,A71,Stairs 2 SFL-1,50.802,Stair 1st.Finish Coat, 8.43 ,,
NL:070.21.3,Howard CC- MAC Math Athetic Complex,01, =    ,01,Building A,A71,Stairs 2 SFL-1,50.803,Stair 2nd.Finish Coat, 6.32 ,,
NL:070.21.3,Howard CC- MAC Math Athetic Complex,01, =    ,01,Building A,A72,Stairs 3 EL-1,20.110,Ceiling/Walls Prime Coat CMU and DW, 5.90 ,,
NL:070.21.3,Howard CC- MAC Math Athetic Complex,01, =    ,01,Building A,A72,Stairs 3 EL-1,21.120,Walls/Columns 1st. Finish Coat CMU and DW, 7.08 ,,
NL:070.21.3,Howard CC- MAC Math Athetic Complex,01, =    ,01,Building A,A72,Stairs 3 EL-1,21.130,Walls/Columns 2nd.Finish Coat CMU and DW, 10.11 ,,
NL:070.21.3,Howard CC- MAC Math Athetic Complex,01, =    ,01,Building A,A72,Stairs 3 EL-1,50.801,Stair Prep Spot Prime, 8.43 ,,
NL:070.21.3,Howard CC- MAC Math Athetic Complex,01, =    ,01,Building A,A72,Stairs 3 EL-1,50.802,Stair 1st.Finish Coat, 8.43 ,,
NL:070.21.3,Howard CC- MAC Math Athetic Complex,01, =    ,01,Building A,A72,Stairs 3 EL-1,50.803,Stair 2nd.Finish Coat, 6.32 ,,
