NL:013.20.1,,01,=,01,=,TI01,Ticket Work,95.110,General Ticket Work,24.00
NL:047.21.1,,01,=,01,=,,,80.110,Touch Up Allowance,160.00
NL:047.21.1,,01,=,01,=,FL01,Floor 01,20.110,Walls/DW Ceiling - Prime,51.84
NL:047.21.1,,01,=,01,=,FL01,Floor 01,21.120,Walls - 2nd Coat Finish,41.82
NL:047.21.1,,01,=,01,=,FL01,Floor 01,21.130,Walls - 3rd Coat Finish,41.82
NL:047.21.1,,01,=,01,=,FL01,Floor 01,22.120,DW Ceiling - 2nd & 3rd Finish,6.11
NL:047.21.1,,01,=,01,=,FL01,Floor 01,22.125,Exp Ceiling - 1st/2nd Dryfall,66.26
NL:047.21.1,,01,=,01,=,FL01,Floor 01,28.110,Doors/Frames 1st/2nd Coat,0.36
NL:047.21.1,,01,=,01,=,FL02,Floor 02,20.110,Walls/DW Ceiling - Prime,53.46
NL:047.21.1,,01,=,01,=,FL02,Floor 02,21.120,Walls - 2nd Coat Finish,44.44
NL:047.21.1,,01,=,01,=,FL02,Floor 02,21.130,Walls - 3rd Coat Finish,44.44
NL:047.21.1,,01,=,01,=,FL02,Floor 02,22.120,DW Ceiling - 2nd & 3rd Finish,3.21
NL:047.21.1,,01,=,01,=,FL02,Floor 02,22.125,Exp Ceiling - 1st/2nd Dryfall,31.47
NL:047.21.1,,01,=,01,=,FL02,Floor 02,28.110,Doors/Frames 1st/2nd Coat,0.30
NL:047.21.1,,01,=,01,=,FL03,Floor 03,20.110,Walls/DW Ceiling - Prime,55.18
NL:047.21.1,,01,=,01,=,FL03,Floor 03,21.120,Walls - 2nd Coat Finish,45.97
NL:047.21.1,,01,=,01,=,FL03,Floor 03,21.130,Walls - 3rd Coat Finish,45.97
NL:047.21.1,,01,=,01,=,FL03,Floor 03,22.120,DW Ceiling - 2nd & 3rd Finish,3.09
NL:047.21.1,,01,=,01,=,FL03,Floor 03,22.125,Exp Ceiling - 1st/2nd Dryfall,34.09
NL:047.21.1,,01,=,01,=,FL03,Floor 03,28.110,Doors/Frames 1st/2nd Coat,0.38
NL:047.21.1,,01,=,01,=,FL04,Floor 04,20.110,Walls/DW Ceiling - Prime,84.92
NL:047.21.1,,01,=,01,=,FL04,Floor 04,21.120,Walls - 2nd Coat Finish,69.15
NL:047.21.1,,01,=,01,=,FL04,Floor 04,21.130,Walls - 3rd Coat Finish,69.15
NL:047.21.1,,01,=,01,=,FL04,Floor 04,22.120,DW Ceiling - 2nd & 3rd Finish,8.50
NL:047.21.1,,01,=,01,=,FL04,Floor 04,22.125,Exp Ceiling - 1st/2nd Dryfall,32.58
NL:047.21.1,,01,=,01,=,FL04,Floor 04,28.110,Doors/Frames 1st/2nd Coat,0.38
NL:047.21.1,,01,=,01,=,GR01,Ground,20.110,Walls/DW Ceiling - Prime,75.05
NL:047.21.1,,01,=,01,=,GR01,Ground,21.120,Walls - 2nd Coat Finish,62.74
NL:047.21.1,,01,=,01,=,GR01,Ground,21.130,Walls - 3rd Coat Finish,62.74
NL:047.21.1,,01,=,01,=,GR01,Ground,22.120,DW Ceiling - 2nd & 3rd Finish,3.71
NL:047.21.1,,01,=,01,=,GR01,Ground,22.125,Exp Ceiling - 1st/2nd Dryfall,65.10
NL:047.21.1,,01,=,01,=,GR01,Ground,28.110,Doors/Frames 1st/2nd Coat,0.58
NL:047.21.1,,01,=,01,=,MI01,Miscelanious,30.130,Special Coating - Finish Coat,1.20
NL:047.21.1,,01,=,01,=,MI01,Miscelanious,40.200,Cornice/Rake Boards/Soffits,113.34
NL:047.21.1,,01,=,01,=,MI01,Miscelanious,50.600,Caulking Windows & Doors,35.50
NL:047.21.1,,01,=,01,=,MI01,Miscelanious,50.800,Stair Metal,96.00
NL:077.20.3,,01,=,01,=,CO-020,Change Order 020,17.100,Change Orders - ALL,48.00
NL:078.20.1,,01,=,01,=,TI01,Ticket Work,20.300,Ticket Work,91.00
NL:082.21.3,,01,=,01,=,,,80.110,Touch Up Allowance,160.00
NL:082.21.3,,01,=,01,=,FL01,Floor 01,20.110,Walls/DW Ceiling - Prime,45.21
NL:082.21.3,,01,=,01,=,FL01,Floor 01,21.120,Walls - 2nd Coat Finish,28.19
NL:082.21.3,,01,=,01,=,FL01,Floor 01,21.130,Walls - 3rd Coat Finish,28.19
NL:082.21.3,,01,=,01,=,FL01,Floor 01,22.120,DW Ceiling - 2nd & 3rd Finish,24.64
NL:082.21.3,,01,=,01,=,FL01,Floor 01,22.125,Exp Ceiling - 1st/2nd Dryfall,7.83
NL:082.21.3,,01,=,01,=,FL01,Floor 01,24.110,CMU Walls - Blockfiller,14.92
NL:082.21.3,,01,=,01,=,FL01,Floor 01,24.120,CMU Walls - 2nd Coat Finish,7.46
NL:082.21.3,,01,=,01,=,FL01,Floor 01,24.130,CMU Walls - 3rd Coat Finish,7.46
NL:082.21.3,,01,=,01,=,FL01,Floor 01,28.110,Doors/Frames 1st/2nd Coat,32.00
NL:082.21.3,,01,=,01,=,FL02,Floor 02,20.110,Walls/DW Ceiling - Prime,38.00
NL:082.21.3,,01,=,01,=,FL02,Floor 02,21.120,Walls - 2nd Coat Finish,31.43
NL:082.21.3,,01,=,01,=,FL02,Floor 02,21.130,Walls - 3rd Coat Finish,31.43
NL:082.21.3,,01,=,01,=,FL02,Floor 02,22.120,DW Ceiling - 2nd & 3rd Finish,2.67
NL:082.21.3,,01,=,01,=,FL02,Floor 02,22.125,Exp Ceiling - 1st/2nd Dryfall,16.10
NL:082.21.3,,01,=,01,=,FL02,Floor 02,28.110,Doors/Frames 1st/2nd Coat,16.00
NL:082.21.3,,01,=,01,=,FL03,Floor 03,20.110,Walls/DW Ceiling - Prime,38.00
NL:082.21.3,,01,=,01,=,FL03,Floor 03,21.120,Walls - 2nd Coat Finish,31.43
NL:082.21.3,,01,=,01,=,FL03,Floor 03,21.130,Walls - 3rd Coat Finish,31.43
NL:082.21.3,,01,=,01,=,FL03,Floor 03,22.120,DW Ceiling - 2nd & 3rd Finish,2.67
NL:082.21.3,,01,=,01,=,FL03,Floor 03,22.125,Exp Ceiling - 1st/2nd Dryfall,16.10
NL:082.21.3,,01,=,01,=,FL03,Floor 03,28.110,Doors/Frames 1st/2nd Coat,16.00
NL:082.21.3,,01,=,01,=,FL04,Floor 04,20.110,Walls/DW Ceiling - Prime,38.00
NL:082.21.3,,01,=,01,=,FL04,Floor 04,21.120,Walls - 2nd Coat Finish,31.43
NL:082.21.3,,01,=,01,=,FL04,Floor 04,21.130,Walls - 3rd Coat Finish,31.43
NL:082.21.3,,01,=,01,=,FL04,Floor 04,22.120,DW Ceiling - 2nd & 3rd Finish,2.67
NL:082.21.3,,01,=,01,=,FL04,Floor 04,22.125,Exp Ceiling - 1st/2nd Dryfall,16.10
NL:082.21.3,,01,=,01,=,FL04,Floor 04,28.110,Doors/Frames 1st/2nd Coat,16.00
NL:082.21.3,,01,=,01,=,FL05,Floor 05,20.110,Walls/DW Ceiling - Prime,38.00
NL:082.21.3,,01,=,01,=,FL05,Floor 05,21.120,Walls - 2nd Coat Finish,31.43
NL:082.21.3,,01,=,01,=,FL05,Floor 05,21.130,Walls - 3rd Coat Finish,31.43
NL:082.21.3,,01,=,01,=,FL05,Floor 05,22.120,DW Ceiling - 2nd & 3rd Finish,2.67
NL:082.21.3,,01,=,01,=,FL05,Floor 05,22.125,Exp Ceiling - 1st/2nd Dryfall,16.10
NL:082.21.3,,01,=,01,=,FL05,Floor 05,28.110,Doors/Frames 1st/2nd Coat,16.00
NL:082.21.3,,01,=,01,=,FL06,Floor 06,20.110,Walls/DW Ceiling - Prime,38.00
NL:082.21.3,,01,=,01,=,FL06,Floor 06,21.120,Walls - 2nd Coat Finish,31.43
NL:082.21.3,,01,=,01,=,FL06,Floor 06,21.130,Walls - 3rd Coat Finish,31.43
NL:082.21.3,,01,=,01,=,FL06,Floor 06,22.120,DW Ceiling - 2nd & 3rd Finish,2.67
NL:082.21.3,,01,=,01,=,FL06,Floor 06,22.125,Exp Ceiling - 1st/2nd Dryfall,16.10
NL:082.21.3,,01,=,01,=,FL06,Floor 06,28.110,Doors/Frames 1st/2nd Coat,16.00
NL:082.21.3,,01,=,01,=,GA01,Garage,20.110,Walls/DW Ceiling - Prime,61.58
NL:082.21.3,,01,=,01,=,GA01,Garage,21.120,Walls - 2nd Coat Finish,47.34
NL:082.21.3,,01,=,01,=,GA01,Garage,21.130,Walls - 3rd Coat Finish,47.34
NL:082.21.3,,01,=,01,=,GA01,Garage,22.120,DW Ceiling - 2nd & 3rd Finish,12.70
NL:082.21.3,,01,=,01,=,GA01,Garage,24.110,CMU Walls - Blockfiller,34.30
NL:082.21.3,,01,=,01,=,GA01,Garage,24.120,CMU Walls - 2nd Coat Finish,17.15
NL:082.21.3,,01,=,01,=,GA01,Garage,24.130,CMU Walls - 3rd Coat Finish,17.15
NL:082.21.3,,01,=,01,=,GA01,Garage,26.110,Floor Sealer,93.12
NL:082.21.3,,01,=,01,=,GA01,Garage,28.110,Doors/Frames 1st/2nd Coat,25.33
NL:082.21.3,,01,=,01,=,MI01,Miscellaneous,50.300,Pipe Bollards/Corner Guards,25.50
NL:082.21.3,,01,=,01,=,MI01,Miscellaneous,50.400,Concrete Columns,106.50
NL:082.21.3,,01,=,01,=,MI01,Miscellaneous,50.800,Stair Metal,192.00
