NL:028.20.3,          ,01,=,01,=,      ,     ,   80.110,       ,48.00
NL:028.20.3,,01,=,01,=,FL01,Floor01,24.110,,6.67
NL:028.20.3,,01,=,01,=,FL01,Floor01,24.120,,3.33
NL:028.20.3,,01,=,01,=,FL01,Floor01,24.130,,3.33
NL:028.20.3,,01,=,01,=,FL01,Floor01,50.200,,71.43
NL: 028.20.3,,01,=,01,=,FL01,Floor01,50.500,,288.33
NL: 028.20.3,,01,=,01,=,FL01,Floor01,50.800,,187.50
NL: 029.20.3,,01,=,01,=,FLO1,Floor01,20.110,,18.50
NL: 029.20.3,,01,=,01,=,FLO1,Floor01,21.120,,17.74
NL: 029.20.3,,01,=,01,=,FLO1,Floor01,21.130,,17.74
NL: 029.20.3,,01,=,01,=,FLO1,Floor01,22.120,,4.07
NL: 029.20.3,,01,=,01,=,FLO1,Floor01,22.125,,310.27
NL: 029.20.3,,01,=,01,=,FLO1,Floor01,26.110,,23.73
NL: 029.20.3,,01,=,01,=,FLO1,Floor01,28.110,,36.00
NL: 029.20.3,,01,=,01,=,FLO1,Floor01,40.400,,24.42
NL: 029.20.3,,01,=,01,=,FLO1,Floor01,50.400,,72.00
NL: 029.20.3,,01,=,01,=,FLO1,Floor01,50.800,,66.67
NL: 029.20.3,,01,=,01,=,FLO1,Floor01,90.200,,134.50
NL: 046.20.1,,01,=,01,=,,,26.110,,158.43
NL: 046.20.1,,01,=,01,=,,,80.110,,40.00
NL: 046.20.1,,01,=,01,=,EXT,EXT,40.200,,67.40
NL: 046.20.1,,01,=,01,=,EXT,EXT,40.400,,264.50
NL: 046.20.1,,01,=,01,=,EXT,EXT,40.500,,67.18
NL: 046.20.1,,01,=,01,=,EXT,EXT,40.600,,22.00
NL: 046.20.1,,01,=,01,=,EXT,EXT,50.700,,123.20
NL: 046.20.1,,01,=,01,=,FLO1,EPOXY,20.110,,142.32
NL: 046.20.1,,01,=,01,=,FLO1,EPOXY,21.120,,206.84
NL: 046.20.1,,01,=,01,=,FLO1,EPOXY,21.130,,206.84
NL: 046.20.1,,01,=,01,=,FLO1,EPOXY,22.125,,870.18
NL: 046.20.1,,01,=,01,=,FLO1,EPOXY,24.110,,78.22
NL: 046.20.1,,01,=,01,=,FLO1,EPOXY,26.130,,148.80
NL: 046.20.1,,01,=,01,=,FLO1,EPOXY,28.110,,268.00
NL: 046.20.1,,01,=,01,=,FLO1,EPOXY,50.200,,536.32
NL: 046.20.1,,01,=,01,=,FLO1,EPOXY,50.400,,524.00
NL: 046.20.1,,01,=,01,=,FLO1,EPOXY,50.800,,222.22
NL: 046.20.1,,01,=,01,=,FLO1,EPOXY,90.200,,666.66
NL: 059.20.1,,01,=,01,=,AD01,ADA UNITS,20.110,,170.15
NL: 059.20.1,,01,=,01,=,AD01,ADA UNITS,21.120,,148.96
NL: 059.20.1,,01,=,01,=,AD01,ADA UNITS,21.130,,147.96
NL: 059.20.1,,01,=,01,=,AD01,ADA UNITS,22.120,,63.57
NL: 059.20.1,,01,=,01,=,AD01,ADA UNITS,28.110,,105.00
NL: 059.20.1,,01,=,01,=,AD01,ADA UNITS,34.110,,21.24
NL: 059.20.1,,01,=,01,=,AD01,ADA UNITS,50.600,,10.00
NL: 059.20.1,,01,=,01,=,AD01,ADA UNITS,80.110,,10.00
NL: 059.20.1,,01,=,01,=,B2220,Building 2220,20.110,,5.07
NL: 059.20.1,,01,=,01,=,B2220,Building 2220,21.120,,5.07
NL: 059.20.1,,01,=,01,=,B2220,Building 2220,21.130,,5.07
NL: 059.20.1,,01,=,01,=,B2220,Building 2220,50.800,,20.00
NL: 059.20.1,,01,=,01,=,B2224,Building 2224,20.110,,28.93
NL: 059.20.1,,01,=,01,=,B2224,Building 2224,21.120,,28.93
NL: 059.20.1,,01,=,01,=,B2224,Building 2224,21.130,,28.93
NL: 059.20.1,,01,=,01,=,B2224,Building 2224,28.110,,22.00
NL: 059.20.1,,01,=,01,=,B2224,Building 2224,34.110,,21.24
NL: 059.20.1,,01,=,01,=,B2224,Building 2224,50.800,,20.00
NL: 059.20.1,,01,=,01,=,B2225,Building 2225,20.110,,5.07
NL: 059.20.1,,01,=,01,=,B2225,Building 2225,21.120,,5.07
NL: 059.20.1,,01,=,01,=,B2225,Building 2225,21.130,,5.07
NL: 059.20.1,,01,=,01,=,B2225,Building 2225,50.800,,20.00
NL: 059.20.1,,01,=,01,=,B2230,Building 2230,20.110,,10.14
NL: 059.20.1,,01,=,01,=,B2230,Building 2230,21.120,,10.14
NL: 059.20.1,,01,=,01,=,B2230,Building 2230,21.130,,10.14
NL: 059.20.1,,01,=,01,=,B2230,Building 2230,50.800,,20.00
NL: 059.20.1,,01,=,01,=,B2234,Building 2234,20.110,,10.14
NL: 059.20.1,,01,=,01,=,B2234,Building 2234,21.120,,10.14
NL: 059.20.1,,01,=,01,=,B2234,Building 2234,21.130,,10.14
NL: 059.20.1,,01,=,01,=,B2234,Building 2234,50.800,,20.00
NL: 059.20.1,,01,=,01,=,B2235,Building 2235,20.110,,8.15
NL: 059.20.1,,01,=,01,=,B2235,Building 2235,21.120,,8.15
NL: 059.20.1,,01,=,01,=,B2235,Building 2235,21.130,,8.15
NL: 059.20.1,,01,=,01,=,B2235,Building 2235,50.800,,13.33
NL: 059.20.1,,01,=,01,=,B2239,Building 2239,20.110,,8.15
NL: 059.20.1,,01,=,01,=,B2239,Building 2239,21.120,,8.15
NL: 059.20.1,,01,=,01,=,B2239,Building 2239,21.130,,8.15
NL: 059.20.1,,01,=,01,=,B2239,Building 2239,50.800,,13.33
NL: 059.20.1,,01,=,01,=,B2240,Building  2240,20.110,,18.63
NL: 059.20.1,,01,=,01,=,B2240,Building  2240,21.120,,16.04
NL: 059.20.1,,01,=,01,=,B2240,Building  2240,21.130,,16.04
NL: 059.20.1,,01,=,01,=,B2240,Building  2240,22.120,,6.91
NL: 059.20.1,,01,=,01,=,B2240,Building  2240,28.110,,6.00
NL: 059.20.1,,01,=,01,=,B2240,Building  2240,40.300,,16.93
NL: 059.20.1,,01,=,01,=,B2240,Building  2240,50.800,,20.00
NL: 059.20.1,,01,=,01,=,B2244,Building 2244,20.110,,7.92
NL: 059.20.1,,01,=,01,=,B2244,Building 2244,21.120,,7.92
NL: 059.20.1,,01,=,01,=,B2244,Building 2244,21.130,,7.92
NL: 059.20.1,,01,=,01,=,B2244,Building 2244,50.800,,20.00
NL: 059.20.1,,01,=,01,=,B2245,Building 2245,20.110,,9.34
NL: 059.20.1,,01,=,01,=,B2245,Building 2245,21.120,,9.34
NL: 059.20.1,,01,=,01,=,B2245,Building 2245,21.130,,9.34
NL: 059.20.1,,01,=,01,=,B2245,Building 2245,40.300,,16.93
NL: 059.20.1,,01,=,01,=,B2245,Building 2245,50.800,,20.00
NL: 059.20.1,,01,=,01,=,B2249,Building 2249,20.110,,31.04
NL: 059.20.1,,01,=,01,=,B2249,Building 2249,21.120,,24.94
NL: 059.20.1,,01,=,01,=,B2249,Building 2249,21.130,,24.94
NL: 059.20.1,,01,=,01,=,B2249,Building 2249,28.110,,105.00
NL: 059.20.1,,01,=,01,=,B2249,Building 2249,50.800,,20.00
NL: 059.20.1,,01,=,01,=,B3225,Building 3225,20.110,,9.79
NL: 059.20.1,,01,=,01,=,B3225,Building 3225,21.120,,9.79
NL: 059.20.1,,01,=,01,=,B3225,Building 3225,21.130,,9.79
NL: 059.20.1,,01,=,01,=,B3225,Building 3225,50.800,,20.00
NL: 059.20.1,,01,=,01,=,B3235,Building 3235,20.110,,9.79
NL: 059.20.1,,01,=,01,=,B3235,Building 3235,21.120,,9.79
NL: 059.20.1,,01,=,01,=,B3235,Building 3235,21.130,,9.79
NL: 059.20.1,,01,=,01,=,B3235,Building 3235,50.800,,20.00
NL: 059.20.1,,01,=,01,=,B3245,Building 3245,20.110,,5.07
NL: 059.20.1,,01,=,01,=,B3245,Building 3245,21.120,,5.07
NL: 059.20.1,,01,=,01,=,B3245,Building 3245,21.130,,5.07
NL: 059.20.1,,01,=,01,=,B3245,Building 3245,28.110,,1.50
NL: 059.20.1,,01,=,01,=,B3245,Building 3245,50.800,,20.00
NL: 059.20.1,,01,=,01,=,B3249,Building 3249,20.110,,5.07
NL: 059.20.1,,01,=,01,=,B3249,Building 3249,21.120,,5.07
NL: 059.20.1,,01,=,01,=,B3249,Building 3249,21.130,,5.07
NL: 059.20.1,,01,=,01,=,B3249,Building 3249,28.110,,1.50
NL: 059.20.1,,01,=,01,=,B3249,Building 3249,50.800,,20.00
NL: 059.20.1,,01,=,01,=,B3253,Building 3253,20.110,,5.07
NL: 059.20.1,,01,=,01,=,B3253,Building 3253,21.120,,5.07
NL: 059.20.1,,01,=,01,=,B3253,Building 3253,21.130,,5.07
NL: 059.20.1,,01,=,01,=,B3253,Building 3253,28.110,,1.50
NL: 059.20.1,,01,=,01,=,B3253,Building 3253,50.800,,20.00
NL: 059.20.1,,01,=,01,=,MISC,ONE SIDE UNIT DR,28.110,,255.00
NL: 072.20.3,,01,=,01,=,FL08,Floor08,20.110,,90.26
NL: 072.20.3,,01,=,01,=,FL08,Floor08,21.120,,52.80
NL: 072.20.3,,01,=,01,=,FL08,Floor08,21.130,,52.80
NL: 072.20.3,,01,=,01,=,FL08,Floor08,22.120,,5.90
NL: 072.20.3,,01,=,01,=,FL08,Floor08,22.125,,57.71
NL: 072.20.3,,01,=,01,=,FL08,Floor08,28.110,,62.00
NL: 072.20.3,,01,=,01,=,FL08,Floor08,34.120,,5.60
NL: 072.20.3,,01,=,01,=,FL08,Floor08,34.130,,8.40
NL: 072.20.3,,01,=,01,=,FL08,Floor08,50.900,,28.00
NL: 072.20.3,,01,=,01,=,FL08,Floor08,60.200,,8.69
NL: 072.20.3,,01,=,01,=,FL09,Floor09,20.110,,101.48
NL: 072.20.3,,01,=,01,=,FL09,Floor09,21.120,,82.23
NL: 072.20.3,,01,=,01,=,FL09,Floor09,21.130,,82.23
NL: 072.20.3,,01,=,01,=,FL09,Floor09,22.120,,5.94
NL: 072.20.3,,01,=,01,=,FL09,Floor09,22.125,,29.60
NL: 072.20.3,,01,=,01,=,FL09,Floor09,28.110,,54.00
NL: 072.20.3,,01,=,01,=,FL09,Floor09,34.120,,5.60
NL: 072.20.3,,01,=,01,=,FL09,Floor09,34.130,,8.40
NL: 072.20.3,,01,=,01,=,FL09,Floor09,50.900,,28.00
NL: 072.20.3,,01,=,01,=,FL09,Floor09,60.200,,8.58
NL: 072.20.3,,01,=,01,=,MISC,Miscellaneous,50.600,,32.00
NL: 072.20.3,,01,=,01,=,MISC,Miscellaneous,50.800,,16.00
NL: 084.20.1,,01,=,01,=,,,80.110,,40.00
NL: 084.20.1,,01,=,01,=,FL01,Floor01,20.110,,22.86
NL: 084.20.1,,01,=,01,=,FL01,Floor01,21.120,,25.71
NL: 084.20.1,,01,=,01,=,FL01,Floor01,21.130,,25.71
NL: 084.20.1,,01,=,01,=,FL01,Floor01,34.130,,8.85
NL: 084.20.1,,01,=,01,=,FL02,Walls 3rd,20.110,,24.18
NL: 084.20.1,,01,=,01,=,FL02,Walls 3rd,21.120,,27.21
NL: 084.20.1,,01,=,01,=,FL02,Walls 3rd,21.130,,27.21
NL: 084.20.1,,01,=,01,=,FL02,Walls 3rd,34.130,,11.80
NL: 084.20.1,,01,=,01,=,FL03,Floor 03,20.110,,79.26
NL: 084.20.1,,01,=,01,=,FL03,Floor 03,21.120,,89.16
NL: 084.20.1,,01,=,01,=,FL03,Floor 03,21.130,,89.16
NL: 084.20.1,,01,=,01,=,FL03,Floor 03,28.120,,2.00
NL: 084.20.1,,01,=,01,=,FL03,Floor 03,34.130,,25.65
NL: 084.20.1,,01,=,01,=,FL04,Floor 04,20.110,,95.58
NL: 084.20.1,,01,=,01,=,FL04,Floor 04,21.120,,107.53
NL: 084.20.1,,01,=,01,=,FL04,Floor 04,21.130,,107.53
NL: 084.20.1,,01,=,01,=,FL04,Floor 04,34.130,,23.55
